policy,hbm_used_peak,bytes_moved,dedup_saved_bytes,compression_saved_bytes,simulated_stall_us,prefetch_success_rate,eviction_count,bytes_avoided,multicast_saved_bytes,avoided_cross_rack_bytes,energy_per_token,topology_congestion_score,estimated_throughput_score
CXLSpillPolicy,5480557226.666667,521659569493.3333,0.0,0.0,22474.398588734173,0.6666666666666666,0.0,0.0,0.0,0.0,1.1468800000002332e-06,42.05374614765723,0.5345900739189404
DistributedSemanticKV,5480557226.666667,307551950386.0,217936035840.0,214252951749.33334,13866.579372649489,0.6666666666666666,0.0,217936035840.0,217936035840.0,210749794986.66666,7.998472140607703e-07,24.03826880659194,1.508053396901597
NaiveHBMPolicy,85899345920.0,957419793066.6666,0.0,0.0,192618.03905842814,0.6666666666666666,10389.333333333334,0.0,0.0,0.0,1.9759004502020133e-06,58.08239429971587,0.3348439193157306
SemanticSingleNode,5480557226.666667,307551950386.0,217936035840.0,214252951749.33334,5770.376438810971,0.6666666666666666,0.0,217936035840.0,217936035840.0,0.0,7.998472140607703e-07,20.27184436023837,1.6027162665021022
TopologyAwareSemantic,5480557226.666667,307551950386.0,217936035840.0,214252951749.33334,13866.579372649489,0.6666666666666666,0.0,217936035840.0,217936035840.0,0.0,7.998472140607703e-07,24.03826880659194,1.508053396901597
