policy,hbm_used_peak,bytes_moved,dedup_saved_bytes,compression_saved_bytes,simulated_stall_us,prefetch_success_rate,eviction_count,bytes_avoided,multicast_saved_bytes,avoided_cross_rack_bytes,energy_per_token,topology_congestion_score,estimated_throughput_score
CXLSpillPolicy,5480557226.666667,521659569493.3333,0.0,0.0,22474.398588734173,0.6666666666666666,0.0,0.0,0.0,0.0,1.1468800000002332e-06,42.05374614765723,0.5345900739189404
DistributedSemanticKV,5480557226.666667,283670421806.0,242304942080.0,238134480329.33334,12917.455699453814,0.6666666666666666,0.0,242304942080.0,242304942080.0,234084106240.0,7.563781076780682e-07,21.370871515845746,1.685490725209357
NaiveHBMPolicy,85899345920.0,957419793066.6666,0.0,0.0,192618.03905842814,0.6666666666666666,10389.333333333334,0.0,0.0,0.0,1.9759004502020133e-06,58.08239429971587,0.3348439193157306
SemanticSingleNode,5480557226.666667,283670421806.0,242304942080.0,238134480329.33334,4849.6569256147595,0.6666666666666666,0.0,242304942080.0,242304942080.0,0.0,7.563781076780682e-07,17.604447069492174,1.7801251906498627
TopologyAwareSemantic,5480557226.666667,283670421806.0,242304942080.0,238134480329.33334,12917.455699453814,0.6666666666666666,0.0,242304942080.0,242304942080.0,0.0,7.563781076780682e-07,21.370871515845746,1.685490725209357
